id,カテゴリーID,メイン料理flag,料理名,具材1,具材2,具材3,具材4
1,1,1,豚の生姜焼き,豚ロース肉,玉ねぎ,生姜,キャベツ
2,1,1,鶏の照り焼き,鶏もも肉,長ネギ,ししとう,
3,1,1,サバの塩焼き,サバ,大根,醤油,
4,1,1,鮭のムニエル,鮭,小麦粉,バター,レモン
5,1,0,アスパラベーコン,アスパラガス,ベーコン,バター,
6,1,1,野菜炒め,豚バラ肉,キャベツ,ピーマン,もやし
7,1,0,だし巻き卵,卵,だし汁,醤油,みりん
8,2,1,肉じゃが,豚バラ肉,じゃがいも,人参,玉ねぎ
9,2,1,ぶり大根,ぶり,大根,生姜,
10,2,0,ひじきの煮物,ひじき,人参,油揚げ,大豆
11,2,0,かぼちゃの煮物,かぼちゃ,醤油,砂糖,みりん
12,2,1,豚の角煮,豚バラブロック,長ネギ,生姜,ゆで卵
13,3,1,鶏の唐揚げ,鶏もも肉,小麦粉,片栗粉,生姜
14,3,1,とんかつ,豚ロース肉,パン粉,卵,小麦粉
15,3,1,アジフライ,アジ,パン粉,卵,小麦粉
16,3,0,ちくわの磯辺揚げ,ちくわ,青のり,天ぷら粉,
17,3,0,ポテトコロッケ,じゃがいも,ひき肉,玉ねぎ,パン粉
18,4,1,親子丼,鶏もも肉,卵,玉ねぎ,ごはん
19,4,1,牛丼,牛バラ肉,玉ねぎ,ごはん,紅生姜
20,4,1,カツ丼,とんかつ,卵,玉ねぎ,ごはん
21,4,1,オムライス,卵,鶏もも肉,玉ねぎ,ごはん
22,4,1,チャーハン,ごはん,卵,チャーシュー,長ネギ
23,4,1,カレーライス,豚肉,じゃがいも,人参,玉ねぎ
24,5,1,豚汁,豚バラ肉,大根,人参,ごぼう
25,5,0,豆腐とわかめの味噌汁,豆腐,わかめ,長ネギ,味噌
26,5,0,かき玉汁,卵,しいたけ,三つ葉,
27,5,1,寄せ鍋,白菜,長ネギ,しいたけ,豆腐
28,6,0,ほうれん草のおひたし,ほうれん草,醤油,かつお節,
29,6,0,ポテトサラダ,じゃがいも,きゅうり,ハム,マヨネーズ
30,6,0,きゅうりとわかめの酢の物,きゅうり,わかめ,酢,砂糖
31,6,0,バンバンジー,鶏ささみ,きゅうり,トマト,ごまダレ
32,7,1,きつねうどん,うどん,油揚げ,長ネギ,かまぼこ
33,7,1,ミートソーススパゲッティ,パスタ,ひき肉,玉ねぎ,トマト缶
34,7,1,カルボナーラ,パスタ,卵,ベーコン,粉チーズ
35,7,1,ペペロンチーノ,パスタ,にんにく,唐辛子,オリーブオイル
36,7,1,ラーメン,中華麺,チャーシュー,メンマ,長ネギ
37,7,1,焼きそば,中華麺,豚バラ肉,キャベツ,もやし
38,1,1,ハンバーグ,合いびき肉,玉ねぎ,卵,パン粉
39,2,0,きんぴらごぼう,ごぼう,人参,醤油,ごま
40,4,0,おにぎり,ごはん,鮭,梅干し,塩
41,1,1,鶏肉のハーブ焼き,鶏もも肉,ローズマリー,にんにく,オリーブオイル
42,1,0,エリンギのバター醤油炒め,エリンギ,バター,醤油,パセリ
43,2,1,鶏肉と大根の煮物,鶏もも肉,大根,人参,こんにゃく
44,4,1,ガパオライス,鶏ひき肉,パプリカ,玉ねぎ,ごはん
45,5,0,コーンスープ,コーン缶,牛乳,玉ねぎ,コンソメ
46,6,0,春雨サラダ,春雨,きゅうり,ハム,錦糸卵
47,7,1,冷やし中華,中華麺,きゅうり,ハム,錦糸卵
48,1,1,豚キムチ,豚バラ肉,キムチ,豆腐,ニラ
49,3,1,チキン南蛮,鶏もも肉,卵,小麦粉,タルタルソース
50,4,1,タコライス,合いびき肉,レタス,トマト,チーズ
51,2,0,切り干し大根の煮物,切り干し大根,人参,油揚げ,
52,5,1,ちゃんぽん,中華麺,豚肉,キャベツ,えび
53,1,1,麻婆豆腐,豆腐,豚ひき肉,長ネギ,豆板醤
54,6,0,マカロニサラダ,マカロニ,きゅうり,人参,ハム
55,7,1,ナポリタン,パスタ,玉ねぎ,ピーマン,ソーセージ
56,1,0,ニラ玉,ニラ,卵,豚肉,
57,3,0,カマンベールチーズフライ,カマンベールチーズ,パン粉,卵,小麦粉
58,4,1,ビビンバ,ごはん,牛肉,もやし,ほうれん草
59,2,1,サバの味噌煮,サバ,味噌,生姜,
60,1,1,回鍋肉,豚バラ肉,キャベツ,ピーマン,甜麺醤
61,3,1,エビフライ,えび,パン粉,卵,小麦粉
62,7,1,天ぷらそば,そば,えび天,長ネギ,
63,4,1,海南鶏飯,鶏もも肉,ごはん,生姜,きゅうり
64,6,0,もずく酢,もずく,きゅうり,生姜,
65,5,1,おでん,大根,こんにゃく,ゆで卵,ちくわ
66,1,1,ゴーヤチャンプルー,ゴーヤ,豆腐,卵,豚バラ肉
67,2,1,アクアパッツァ,白身魚,あさり,ミニトマト,オリーブオイル
68,7,1,フォー,フォー,鶏肉,もやし,パクチー
69,4,1,お茶漬け,ごはん,鮭,のり,わさび
70,1,0,焼き鳥,鶏もも肉,長ネギ,タレ,
71,3,0,フライドポテト,じゃがいも,塩,ケチャップ,
72,6,0,シーザーサラダ,レタス,クルトン,ベーコン,粉チーズ
73,5,1,クラムチャウダー,あさり,じゃがいも,玉ねぎ,牛乳
74,7,1,パッタイ,米麺,えび,ニラ,もやし
75,2,1,うな丼,うなぎ,ごはん,タレ,山椒
76,1,1,ステーキ,牛肉,にんにく,バター,醤油
77,4,1,天津飯,卵,カニカマ,ごはん,グリンピース
78,6,0,コールスロー,キャベツ,人参,コーン,マヨネーズ
79,3,1,メンチカツ,合いびき肉,玉ねぎ,パン粉,キャベツ
80,7,1,ざるそば,そば,のり,わさび,つゆ
81,1,1,ジンギスカン,ラム肉,玉ねぎ,ピーマン,もやし
82,2,1,イカの丸焼き,イカ,生姜,醤油,
83,4,1,深川めし,あさり,ごはん,油揚げ,長ネギ
84,5,1,キムチ鍋,豚バラ肉,キムチ,豆腐,白菜
85,6,0,たたききゅうり,きゅうり,ごま油,にんにく,塩
86,1,0,厚揚げのきのこあんかけ,厚揚げ,しめじ,えのき,だし汁
87,3,0,オニオンリング,玉ねぎ,天ぷら粉,パン粉,
88,7,1,ジャージャー麺,中華麺,豚ひき肉,たけのこ,甜麺醤
89,2,0,アサリの酒蒸し,あさり,酒,にんにく,バター
90,4,0,フレンチトースト,食パン,卵,牛乳,砂糖
91,1,1,青椒肉絲,豚肉,ピーマン,たけのこ,オイスターソース
92,5,0,ミネストローネ,トマト缶,玉ねぎ,人参,セロリ
93,6,0,カプレーゼ,トマト,モッツァレラチーズ,バジル,オリーブオイル
94,2,1,カキフライ,牡蠣,パン粉,卵,小麦粉
95,7,1,油そば,中華麺,チャーシュー,メンマ,長ネギ
96,1,1,タンドリーチキン,鶏もも肉,ヨーグルト,カレー粉,にんにく
97,4,1,リゾット,米,玉ねぎ,きのこ,チーズ
98,3,0,さつまいもの天ぷら,さつまいも,天ぷら粉,,
99,6,0,白和え,豆腐,ほうれん草,こんにゃく,ごま
100,5,1,すき焼き,牛肉,白菜,しらたき,焼き豆腐
101,1,1,ポークチャップ,豚ロース肉,玉ねぎ,ケチャップ,ウスターソース
102,2,1,エビチリ,えび,長ネギ,生姜,豆板醤
103,3,1,天ぷら盛り合わせ,えび,なす,ししとう,かぼちゃ
104,4,1,ドライカレー,合いびき肉,玉ねぎ,人参,カレー粉
105,5,1,もつ鍋,牛もつ,キャベツ,ニラ,豆腐
106,6,0,ラタトゥイユ,ズッキーニ,なす,パプリカ,トマト缶
107,7,1,そうめん,そうめん,きゅうり,錦糸卵,つゆ
108,1,1,ラムチョップの香草焼き,ラムチョップ,ローズマリー,タイム,にんにく
109,2,0,タコの唐揚げ,タコ,片栗粉,生姜,
110,4,1,ロコモコ丼,合いびき肉,ごはん,卵,アボカド
111,6,0,ピクルス,きゅうり,人参,パプリカ,酢
112,7,1,つけ麺,中華麺,チャーシュー,メンマ,のり
113,1,1,スペアリブのマーマレード煮,豚スペアリブ,マーマレード,醤油,酒
114,3,1,串カツ,豚肉,玉ねぎ,うずらの卵,パン粉
115,5,0,オニオングラタンスープ,玉ねぎ,バゲット,チーズ,コンソメ
116,2,1,ホタテのバター醤油焼き,ホタテ,バター,醤油,アスパラガス
117,6,0,無限ピーマン,ピーマン,ツナ缶,ごま油,鶏ガラスープの素
118,4,1,釜飯,米,鶏肉,しめじ,ごぼう
119,7,1,皿うどん,揚げ麺,豚肉,キャベツ,えび
120,1,0,砂肝のニンニク炒め,砂肝,にんにく,長ネギ,ごま油
121,2,1,あんこう鍋,あんこう,白菜,長ネギ,豆腐
122,3,0,ごぼうの唐揚げ,ごбоう,片栗粉,醤油,
123,5,1,ボルシチ,牛肉,ビーツ,キャベツ,サワークリーム
124,6,0,ヤムウンセン,春雨,えび,イカ,セロリ
125,7,1,トムヤムクンヌードル,米麺,えび,きのこ,トムヤムペースト
126,1,1,サムギョプサル,豚バラブロック,サンチュ,キムチ,にんにく
127,4,1,親子煮,鶏肉,卵,玉ねぎ,だし汁
128,2,1,アヒージョ,えび,きのこ,にんにく,オリーブオイル
129,6,0,卯の花,おから,人参,しいたけ,長ネギ
130,3,0,大学いも,さつまいも,砂糖,醤油,ごま
131,5,0,パンプキンスープ,かぼちゃ,玉ねぎ,牛乳,コンソメ
132,1,1,チキンのトマト煮,鶏もも肉,トマト缶,玉ねぎ,きのこ
133,7,1,ほうとう,ほうとう麺,かぼちゃ,白菜,豚肉
134,2,0,しらすおろし,しらす,大根,醤油,
135,4,1,チーズタッカルビ,鶏もも肉,キャベツ,玉ねぎ,チーズ
136,6,0,切り昆布の煮物,切り昆布,さつま揚げ,人参,
137,1,0,手羽先の甘辛揚げ,手羽先,醤油,砂糖,ごま
138,3,1,チキンカツ,鶏むね肉,パン粉,卵,小麦粉
139,5,1,トムカーガイ,鶏肉,ココナッツミルク,きのこ,レモングラス
140,7,1,台湾まぜそば,中華麺,豚ひき肉,ニラ,卵黄
141,2,1,鮭のちゃんちゃん焼き,鮭,キャベツ,玉ねぎ,味噌
142,4,0,だし豆腐,豆腐,だし汁,かつお節,
143,6,0,生春巻き,ライスペーパー,えび,サニーレタス,ニラ
144,1,1,油淋鶏,鶏もも肉,長ネギ,生姜,酢
145,3,0,れんこんのはさみ揚げ,れんこん,鶏ひき肉,パン粉,
146,5,0,ガスパチョ,トマト,きゅうり,パプリカ,玉ねぎ
147,7,1,カレーうどん,うどん,豚肉,玉ねぎ,カレールー
148,2,0,イカと里芋の煮物,イカ,里芋,だし汁,
149,1,1,プルコギ,牛肉,玉ねぎ,人参,ニラ
150,4,1,キーマカレー,合いびき肉,玉ねぎ,トマト,カレー粉
151,6,0,キャロットラペ,人参,レーズン,オリーブオイル,酢
152,3,0,エビマヨ,えび,マヨネーズ,ケチャップ,片栗粉
153,5,1,サムゲタン,鶏肉,米,なつめ,高麗人参
154,7,1,担々麺,中華麺,豚ひき肉,チンゲン菜,練りごま
155,1,0,きのこのソテー,しめじ,エリンギ,まいたけ,バター
156,2,1,鯛の塩釜焼き,鯛,塩,卵白,昆布
157,4,1,ドリア,ごはん,鶏肉,玉ねぎ,ホワイトソース
158,6,0,もやしのナムル,もやし,ごま油,塩,にんにく
159,3,1,フィッシュアンドチップス,白身魚,じゃがいも,小麦粉,ビール
160,7,1,沖縄そば,沖縄そば麺,豚バラ肉,かまぼこ,紅生姜
161,1,1,ローストビーフ,牛ももブロック,にんにく,ローズマリー,塩
162,2,0,ししゃもの南蛮漬け,ししゃも,玉ねぎ,人参,唐辛子
163,5,1,ミネストローネリゾット,米,トマト缶,ベーコン,粉チーズ
164,4,1,スコッチエッグ,ひき肉,ゆで卵,玉ねぎ,パン粉
165,6,0,ザーサイと豆腐の和え物,ザーサイ,豆腐,ごま油,
166,7,1,ビビン麺,そうめん,キムチ,きゅうり,ゆで卵
167,1,0,鶏皮ポン酢,鶏皮,ポン酢,もみじおろし,
168,3,1,エビカツ,えび,はんぺん,玉ねぎ,パン粉
169,2,1,パエリア,米,えび,あさり,パプリカ
170,4,0,茶碗蒸し,卵,鶏肉,しいたけ,えび
171,5,0,わかめスープ,わかめ,牛肉,ごま油,
172,6,0,ジャーマンポテト,じゃがいも,玉ねぎ,ベーコン,
173,7,1,ラザニア,ラザニアシート,ひき肉,トマトソース,ホワイトソース
174,1,1,ポークソテー,豚ロース肉,にんにく,醤油,みりん
175,2,0,ホタルイカの沖漬け,ホタルイカ,醤油,みりん,酒
176,3,0,なすの揚げ浸し,なす,だし汁,生姜,
177,4,1,そぼろ丼,鶏ひき肉,卵,ごはん,グリンピース
178,5,1,トッポギ,トック,さつま揚げ,玉ねぎ,コチュジャン
179,6,0,セロリの浅漬け,セロリ,塩,昆布,
180,7,1,グリーンカレー,鶏肉,なす,パプリカ,グリーンカレーペースト
181,1,1,シュクメルリ,鶏もも肉,にんにく,牛乳,チーズ
182,2,1,鮭の西京焼き,鮭,西京味噌,みりん,
183,4,0,高野豆腐の卵とじ,高野豆腐,卵,だし汁,
184,3,0,ハッシュドポテト,じゃがいも,片栗粉,塩,
185,6,0,マリネ,タコ,玉ねぎ,パプリカ,オリーブオイル
186,5,0,お汁粉,あんこ,餅,塩,
187,7,1,酸辣湯麺,中華麺,豚肉,たけのこ,卵
188,1,0,レバニラ炒め,豚レバー,ニラ,もやし,
189,2,0,カニクリームコロッケ,カニ缶,牛乳,玉ねぎ,パン粉
190,4,1,タコベル風タコス,トルティーヤ,ひき肉,レタス,トマト
191,6,0,ピータン豆腐,ピータн,豆腐,醤油,ごま油
192,3,1,フライドチキン,鶏肉,小麦粉,スパイス,
193,5,1,チゲ鍋,豆腐,豚肉,キムチ,あさり
194,7,1,冷製パスタ,パスタ,トマト,バジル,オリーブオイル
195,1,1,酢豚,豚肉,玉ねぎ,ピーマン,人参
196,2,0,イカの塩辛,イカ,塩,麹,
197,4,0,チーズオムレツ,卵,チーズ,牛乳,
198,6,0,筑前煮,鶏肉,ごぼう,れんこん,人参
199,3,0,鶏天,鶏むね肉,天ぷら粉,青のり,
200,7,1,ちゃんぽんうどん,うどん,豚肉,キャベツ,かまぼこ
201,1,1,麻婆春雨,春雨,豚ひき肉,ニラ,人参
202,2,1,おでん大根,大根,だし汁,醤油,みりん
203,3,1,イカリングフライ,イカ,パン粉,卵,小麦粉
204,4,1,ハヤシライス,牛肉,玉ねぎ,マッシュルーム,デミグラスソース
205,5,0,春雨スープ,春雨,鶏肉,きくらげ,卵
206,6,0,カブの酢漬け,カブ,酢,砂糖,唐辛子
207,7,1,ペスカトーレ,パスタ,えび,あさり,トマトソース
208,1,0,豆腐ステーキ,豆腐,きのこ,バター,醤油
209,2,0,ふろふき大根,大根,味噌,ゆず,
210,3,1,カレイの唐揚げ,カレイ,片栗粉,大根おろし,ポン酢
211,4,1,ガイヤーン,鶏もも肉,ナンプラー,にんにく,パクチー
212,5,1,豆乳鍋,豆乳,豚肉,白菜,きのこ
213,6,0,タラモサラダ,じゃがいも,たらこ,マヨネーズ,玉ねぎ
214,7,1,ボンゴレビアンコ,パスタ,あさり,にんにく,白ワイン
215,1,1,鶏肉の味噌漬け焼き,鶏むね肉,味噌,みりん,
216,2,1,牛すじの煮込み,牛すじ,こんにゃく,大根,味噌
217,3,0,チーズスティック春巻き,春巻きの皮,チーズ,大葉,
218,4,1,ジャンバラヤ,米,鶏肉,ソーセージ,パプリカ
219,5,0,ビシソワーズ,じゃがいも,玉ねぎ,牛乳,コンソメ
220,6,0,春菊の胡麻和え,春菊,ごま,醤油,砂糖
221,7,1,あんかけ焼きそば,中華麺,豚肉,白菜,うずらの卵
222,1,0,焼きなす,なす,生姜,醤油,かつお節
223,2,1,ロールキャベツ,キャベツ,ひき肉,玉ねぎ,コンソメ
224,3,1,イワシのフライ,イワシ,パン粉,卵,小麦粉
225,4,1,ユッケジャンクッパ,ごはん,牛肉,もやし,ぜんまい
226,5,1,水炊き,鶏肉,白菜,豆腐,ポン酢
227,6,0,ワカモレ,アボカド,玉ねぎ,トマト,ライム
228,7,1,ジェノベーゼ,パスタ,バジル,松の実,にんにく
229,1,1,豚の味噌漬け焼き,豚ロース肉,味噌,みりん,
230,2,1,鯛のあら炊き,鯛のあら,ごぼう,生姜,醤油
231,3,0,海老のフリッター,えび,天ぷら粉,卵白,
232,4,0,焼きおにぎり,ごはん,醤油,みりん,
233,5,1,ポトフ,ソーセージ,じゃがいも,人参,玉ねぎ
234,6,0,大根サラダ,大根,ツナ缶,かいわれ大根,マヨネーズ
235,7,1,明太クリームパスタ,パスタ,明太子,生クリーム,大葉
236,1,0,しいたけのチーズ焼き,しいたけ,チーズ,マヨネーズ,パセリ
237,2,1,手羽元と大根の煮物,手羽元,大根,ゆで卵,
238,3,1,白身魚のフリッター,白身魚,小麦粉,ビール,
239,4,1,魯肉飯,豚バラブロック,ごはん,高菜,八角
240,5,0,サンラータン,豆腐,豚肉,たけのこ,卵
241,6,0,オイキムチ,きゅうり,大根,ニラ,唐辛子
242,7,1,釜玉うどん,うどん,卵,醤油,ネギ
243,1,1,鮭の西京焼き,鮭フィレ,西京味噌,酒,みりん
244,2,1,もつ煮込み,豚もつ,大根,人参,こんにゃく
245,3,0,タコの天ぷら,タコ,天ぷら粉,青のり,
246,4,1,シンガポールチキンライス,鶏もも肉,ごはん,きゅうり,チリソース
247,5,1,石狩鍋,鮭,じゃがいも,キャベツ,味噌
248,6,0,チョレギサラダ,サニーレタス,きゅうり,韓国のり,ごま油
249,7,1,プッタネスカ,パスタ,トマト缶,オリーブ,アンチョビ
250,1,0,ピーマンの肉詰め,ピーマン,ひき肉,玉ねぎ,パン粉
251,2,0,がんもどきの煮物,がんもどき,人参,しいたけ,だし汁
252,3,1,ソフトシェルクラブの唐揚げ,ソフトシェルクラブ,片栗粉,レモン,
253,4,1,お好み焼き,小麦粉,キャベツ,豚バラ肉,卵
254,5,0,かぶのポタージュ,かぶ,玉ねぎ,じゃがいも,牛乳
255,6,0,トマトと卵の中華炒め,トマト,卵,鶏ガラスープの素,
256,7,1,台湾ラーメン,中華麺,豚ひき肉,ニラ,唐辛子
257,1,1,よだれ鶏,鶏むね肉,長ネギ,生姜,ラー油
258,2,1,鯖の煮付け,鯖,生姜,醤油,酒
259,3,0,ハッシュドスイートポテト,さつまいも,片栗粉,砂糖,
260,4,1,焼きうどん,うどん,豚肉,キャベツ,ソース
261,5,1,きりたんぽ鍋,きりたんぽ,鶏肉,ごぼう,舞茸
262,6,0,ゴーヤの佃煮,ゴーヤ,醤油,砂糖,かつお節
263,7,1,ミゴレン,インスタント麺,えび,キャベツ,ケチャップマニス
264,1,1,トンテキ,豚ロース肉,にんにく,ウスターソース,
265,2,0,高野豆腐の含め煮,高野豆腐,人参,干ししいたけ,
266,3,1,鶏肉の竜田揚げ,鶏もも肉,片栗粉,醤油,生姜
267,4,1,ちらし寿司,ごはん,まぐろ,えび,錦糸卵
268,5,0,あおさの味噌汁,あおさ,豆腐,味噌,
269,6,0,かぼちゃサラダ,かぼちゃ,レーズン,マヨネーズ,ナッツ
270,7,1,味噌ラーメン,中華麺,チャーシュー,もやし,コーン
271,1,0,なすの味噌田楽,なす,味噌,砂糖,ごま
272,2,1,金目鯛の煮付け,金目鯛,ごぼう,生姜,醤油
273,3,0,キスの天ぷら,キス,天ぷら粉,大葉,
274,4,1,豚丼,豚バラ肉,玉ねぎ,ごはん,紅しょうが
275,5,1,ほうとう鍋,ほうとう麺,かぼちゃ,きのこ,豚肉
276,6,0,山芋の千切り,山芋,卵黄,のり,わさび
277,7,1,塩焼きそば,中華麺,豚肉,シーフードミックス,ピーマン
278,1,1,鶏肉のカシューナッツ炒め,鶏むね肉,カシューナッツ,パプリカ,ピーマン
279,2,0,バイ貝のうま煮,バイ貝,醤油,砂糖,酒
280,3,1,ハムカツ,ハム,パン粉,卵,小麦粉
281,4,1,もんじゃ焼き,小麦粉,キャベツ,揚げ玉,紅しょうが
282,5,0,けんちん汁,大根,人参,ごぼう,豆腐
283,6,0,ブロッコリーのおかか和え,ブロッコリー,かつお節,醤油,
284,7,1,アラビアータ,パスタ,トマト缶,にんにく,唐辛子
285,1,0,焼き餃子,豚ひき肉,キャベツ,ニラ,餃子の皮
286,2,1,カレイの煮付け,カレイ,生姜,醤油,みりん
287,3,1,串揚げ,豚肉,玉ねぎ,エビ,パン粉
288,4,1,ソースカツ丼,とんかつ,ごはん,キャベツ,ソース
289,5,1,トマト鍋,トマト缶,鶏肉,キャベツ,きのこ
290,6,0,タコのガリシア風,タコ,じゃがいも,パプリカパウダー,オリーブオイル
291,7,1,ペスカトーレロッソ,パスタ,えび,あさり,トマトソース
292,1,1,豚肉のプルコギ風,豚肉,玉ねぎ,ニラ,コチュジャン
293,2,1,イワシの生姜煮,イワシ,生姜,醤油,梅干し
294,3,0,ちくわチーズの天ぷら,ちくわ,チーズ,天ぷら粉,
295,4,1,ひつまぶし,うなぎ,ごはん,だし汁,薬味
296,5,0,そうめん汁,そうめん,しいたけ,油揚げ,
297,6,0,ニース風サラダ,じゃがいも,いんげん,トマト,ツナ
298,7,1,ミートボールパスタ,パスタ,ひき肉,玉ねぎ,トマトソース
299,1,0,厚揚げの肉詰め,厚揚げ,豚ひき肉,長ネギ,
300,2,0,里芋の煮っころがし,里芋,イカ,醤油,みりん
301,3,1,タラのフライ,タラ,パン粉,卵,小麦粉
302,4,1,麻婆茄子丼,なす,豚ひき肉,ごはん,豆板醤
303,5,1,鴨鍋,鴨肉,長ネギ,豆腐,きのこ
304,6,0,アボカドとエビのサラダ,アボカド,えび,マヨネーズ,レモン汁
305,7,1,五目あんかけラーメン,中華麺,豚肉,白菜,えび
306,1,1,豚バラと白菜の重ね蒸し,豚バラ肉,白菜,だし汁,ポン酢
307,2,0,あさりとキャベツの煮浸し,あさり,キャベツ,酒,バター
308,3,0,納豆の天ぷら,納豆,天ぷら粉,長ネギ,
309,4,1,他人丼,豚肉,卵,玉ねぎ,ごはん
310,5,0,卵スープ,卵,鶏ガラスープの素,長ネギ,
311,6,0,きのことベーコンの和風サラダ,きのこ,ベーコン,水菜,和風ドレッシング
312,7,1,味噌煮込みうどん,うどん,鶏肉,油揚げ,味噌
313,1,0,こんにゃくステーキ,こんにゃく,にんにく,バター,醤油
314,2,1,豚バラ大根,豚バラ肉,大根,だし汁,
315,3,1,ワカサギの唐揚げ,ワカサギ,片栗粉,レモン,
316,4,1,メキシカンタコライス,ひき肉,レタス,トマト,サルサソース
317,5,1,カニ鍋,カニ,白菜,長ネギ,豆腐
318,6,0,小松菜と油揚げのおひたし,小松菜,油揚げ,だし汁,
319,7,1,汁なし担々麺,中華麺,豚ひき肉,ザーサイ,ラー油
320,1,1,牛肉のしぐれ煮,牛肉,ごぼう,生姜,醤油
321,2,0,めかぶ酢,めかぶ,きゅうり,ポン酢,
322,3,0,長芋の磯辺揚げ,長芋,青のり,片栗粉,
323,4,1,豚キムチチャーハン,ごはん,豚肉,キムチ,卵
324,5,0,あさりの味噌汁,あさり,豆腐,味噌,
325,6,0,冬瓜の冷やし鉢,冬瓜,えび,だし汁,
326,7,1,たらこパスタ,パスタ,たらこ,バター,のり
327,1,1,鶏肉の甘酢炒め,鶏むね肉,玉ねぎ,ピーマン,酢
328,2,1,鮭の南蛮漬け,鮭,玉ねぎ,人参,唐辛子
329,3,1,エビチリ春巻き,えび,春巻きの皮,チリソース,
330,4,0,いなり寿司,油揚げ,ごはん,ごま,酢
331,5,1,牡蠣の土手鍋,牡蠣,豆腐,白菜,味噌
332,6,0,ブロッコリーと卵のサラダ,ブロッコリー,卵,マヨネーズ,
333,7,1,長崎ちゃんぽん,ちゃんぽん麺,豚肉,キャベツ,シーフードミックス
334,1,0,ズッキーニのチーズ焼き,ズッキーニ,チーズ,オリーブオイル,
335,2,0,ひじきとツナの煮物,ひじき,ツナ缶,人参,
336,3,1,ささみチーズカツ,鶏ささみ,チーズ,大葉,パン粉
337,4,1,フォー・ガー,フォー,鶏肉,もやし,玉ねぎ
338,5,0,なめこと豆腐の赤だし,なめこ,豆腐,赤味噌,
339,6,0,春雨の中華サラダ,春雨,きゅうり,錦糸卵,ハム
340,7,1,ボロネーゼ,パスタ,ひき肉,玉ねぎ,セロリ
341,1,1,豚の角煮丼,豚の角煮,ごはん,煮卵,青ネギ
342,2,1,鯛めし,鯛,米,昆布,だし汁
343,3,0,アボカドの天ぷら,アボカド,天ぷら粉,塩,
344,4,1,キムチクッパ,ごはん,キムチ,牛肉,卵
345,5,1,ふぐちり,ふぐ,白菜,豆腐,春菊
346,6,0,白菜とツナのサラダ,白菜,ツナ缶,マヨネーズ,コーン
347,7,1,クリームパスタ,パスタ,ベーコン,きのこ,生クリーム
348,1,0,じゃがバター,じゃがいも,バター,塩辛,
349,2,0,マグロの山かけ,マグロ,山芋,わさび,醤油
350,3,1,串カツ田中風,豚肉,玉ねぎ,れんこん,パン粉
351,4,1,天津チャーハン,ごはん,卵,カニカマ,あん
352,5,0,はまぐりのお吸い物,はまぐり,三つ葉,昆布,
353,6,0,トマトの和風マリネ,トマト,玉ねぎ,大葉,ポン酢
354,7,1,煮干しラーメン,中華麺,煮干し,チャーシュー,メンマ
355,1,1,鶏肉の照りマヨ焼き,鶏もも肉,マヨネーズ,醤油,みりん
356,2,1,タラの煮付け,タラ,ごぼう,生姜,醤油
357,3,0,舞茸の天ぷら,舞茸,天ぷら粉,塩,
358,4,1,鶏そぼろ三色丼,鶏そぼろ,卵,ほうれん草,ごはん
359,5,1,キムチチゲうどん,うどん,豚肉,キムチ,豆腐
360,6,0,セロリとイカの塩炒め,セロリ,イカ,ごま油,塩
361,7,1,冷や汁,ごはん,アジ,きゅうり,豆腐
362,1,0,エノキの豚バラ巻き,えのき,豚バラ肉,ポン酢,
363,2,0,めかじきの煮付け,めかじき,生姜,醤油,
364,3,1,チキンナゲット,鶏ひき肉,豆腐,片栗粉,
365,4,1,豚汁うどん,うどん,豚肉,大根,人参
366,5,0,しじみの味噌汁,しじみ,味噌,豆腐,
367,6,0,なすのポン酢和え,なす,ポン酢,大葉,みょうが
368,7,1,明太釜玉うどん,うどん,明太子,卵,バター
369,1,1,豚肉とナスの味噌炒め,豚肉,なす,ピーマン,味噌
370,2,1,あん肝ポン酢,あん肝,ポン酢,もみじおろし,
371,3,0,オクラの肉巻きフライ,オクラ,豚バラ肉,パン粉,
372,4,1,鶏飯,ごはん,鶏肉,錦糸卵,しいたけ
373,5,1,スンドゥブチゲ,豆腐,あさり,豚肉,卵
374,6,0,ツナと大根の煮物,ツナ缶,大根,醤油,みりん
375,7,1,ペスカトーレビアンコ,パスタ,えび,あさり,白ワイン
376,1,0,ししゃものみりん干し,ししゃも,みりん,醤油,ごま
377,2,1,あら汁,魚のあら,大根,人参,味噌
378,3,1,ハモの天ぷら,ハモ,天ぷら粉,梅肉,
379,4,1,豚の生姜焼き丼,豚の生姜焼き,ごはん,キャベツ,マヨネーズ
380,5,0,鶏団子スープ,鶏ひき肉,長ネギ,生姜,春雨
381,6,0,たたきゴボウ,ごぼう,ごま,酢,醤油
382,7,1,坦々うどん,うどん,豚ひき肉,チンゲン菜,練りごま
383,1,1,牛肉のオイスターソース炒め,牛肉,ピーマン,玉ねぎ,オイスターソース
384,2,0,ホタルイカと菜の花の辛子和え,ホタルイカ,菜の花,からし,味噌
385,3,0,豆腐ナゲット,豆腐,鶏ひき肉,枝豆,片栗粉
386,4,1,鶏肉のフォー,フォー,鶏むね肉,もやし,ライム
387,5,1,常夜鍋,豚肉,ほうれん草,だし汁,ポン酢
388,6,0,れんこんのきんぴら,れんこん,人参,唐辛子,醤油
389,7,1,ナシゴレン,ごはん,えび,鶏肉,サンバル
390,1,0,手羽中の塩焼き,手羽中,塩,レモン,
391,2,1,マグロの角煮,マグロ,生姜,醤油,みりん
392,3,1,アジのなめろうフライ,アジ,味噌,長ネギ,大葉
393,4,1,プルコギ丼,牛肉,玉ねぎ,ごはん,温泉卵
394,5,0,とろろ昆布のお吸い物,とろろ昆布,麩,三つ葉,
395,6,0,ゴーヤとツナのサラダ,ゴーヤ,ツナ缶,豆腐,マヨネーズ
396,7,1,ジェノベーゼうどん,うどん,バジルペースト,鶏肉,ミニトマト
397,1,1,豚肉の梅しそ巻き,豚ロース肉,梅干し,大葉,
398,2,0,カニ玉,カニカマ,卵,グリンピース,甘酢あん
399,3,0,カリフラワーのフリッター,カリフラワー,天ぷら粉,カレー粉,
400,4,1,エビピラフ,米,えび,玉ねぎ,ピーマン
401,5,0,ワンタンスープ,ワンタンの皮,豚ひき肉,長ネギ,鶏ガラスープ
402,6,0,千切りキャベツのサラダ,キャベツ,コーン,ツナ,ドレッシング
403,7,1,トムヤムラーメン,中華麺,えび,きのこ,トムヤムペースト
404,1,1,牛肉とピーマンの細切り炒め,牛肉,ピーマン,たけのこ,
405,2,1,豚肉とレンコンの煮物,豚肉,れんこん,人参,だし汁
406,3,0,アスパラの肉巻きフライ,アスパラガス,豚バラ肉,パン粉,
407,4,1,麻婆春雨丼,春雨,豚ひき肉,ごはん,ニラ
408,5,1,てっちり,ふぐ,白菜,春菊,豆腐
409,6,0,もやしとハムの中華和え,もやし,ハム,きゅうり,ごま油
410,7,1,イカスミパスタ,パスタ,イカ,イカスミソース,トマト
411,1,0,油揚げのネギ味噌焼き,油揚げ,長ネギ,味噌,みりん
412,2,1,鶏とごぼうの煮物,鶏肉,ごぼう,人参,こんにゃく
413,3,1,サーモンのフライ,鮭,パン粉,卵,小麦粉
414,4,1,焼肉丼,牛肉,玉ねぎ,ごはん,焼肉のたれ
415,5,0,ABCスープ,じゃがいも,人参,玉ねぎ,鶏肉
416,6,0,ひじきと枝豆のサラダ,ひじき,枝豆,コーン,マヨネーズ
417,7,1,海鮮あんかけ焼きそば,中華麺,えび,イカ,白菜
418,1,1,豚肉のケチャップ炒め,豚肉,玉ねぎ,ピーマン,ケチャップ
419,2,0,かぶのそぼろあんかけ,かぶ,鶏ひき肉,だし汁,片栗粉
420,3,0,カニカマの天ぷら,カニカマ,天ぷら粉,青のり,
421,4,1,スタミナ丼,豚肉,ニラ,卵黄,ごはん
422,5,1,塩ちゃんこ鍋,鶏肉,豚肉,白菜,きのこ
423,6,0,アボカドとマグロのわさび醤油和え,アボカド,マグロ,わさび,醤油
424,7,1,ペペロンチーノうどん,うどん,にんにく,唐辛子,ベーコン
425,1,0,豆腐チャンプルー,豆腐,豚肉,もやし,ニラ
426,2,1,牛すじ大根,牛すじ,大根,こんにゃく,
427,3,1,メカジキのフライ,めかじき,パン粉,卵,小麦粉
428,4,1,チャーシュー丼,チャーシュー,ごはん,煮卵,ネギ
429,5,0,ふかひれスープ,ふかひれ,卵,鶏ガラスープ,
430,6,0,切り干し大根のハリハリ漬け,切り干し大根,昆布,唐辛子,酢
431,7,1,アマトリチャーナ,パスタ,ベーコン,玉ねぎ,トマト缶
432,1,1,鶏肉のバジル炒め,鶏肉,パプリカ,玉ねぎ,バジル
433,2,0,冬瓜と鶏肉の煮物,冬瓜,鶏肉,だし汁,生姜
434,3,0,うずら卵の肉巻きフライ,うずらの卵,豚ひき肉,パン粉,
435,4,1,うに丼,うに,ごはん,のり,わさび
436,5,1,ハリハリ鍋,豚肉,水菜,油揚げ,だし汁
437,6,0,きのことツナの和風マリネ,きのこ,ツナ缶,玉ねぎ,ポン酢
438,7,1,冷製カルボナーラ,パスタ,卵,ベーコン,生クリーム
439,1,0,ささみの明太マヨ焼き,鶏ささみ,明太子,マヨネーズ,大葉
440,2,1,豚軟骨の煮込み,豚軟骨,大根,こんにゃく,
441,3,1,牡蠣の天ぷら,牡蠣,天ぷら粉,塩,
442,4,1,ローストビーフ丼,ローストビーフ,ごはん,玉ねぎ,西洋わさび
443,5,0,フォー・ボー,フォー,牛肉,もやし,玉ねぎ
444,6,0,トマトとオクラの和え物,トマト,オクラ,かつお節,ポン酢
445,7,1,あんかけスパゲッティ,パスタ,ソーセージ,玉ねぎ,ピーマン
446,1,1,豚バラともやしのポン酢炒め,豚バラ肉,もやし,ポン酢,
447,2,0,がんもと大根の煮物,がんもどき,大根,だし汁,
448,3,0,しいたけの肉詰めフライ,しいたけ,鶏ひき肉,パン粉,
449,4,1,鶏肉のフォー炒め,フォー,鶏肉,もやし,ニラ
450,5,1,坦々ごま鍋,豚ひき肉,豆腐,白菜,練りごま
451,6,0,アボカドの生ハム巻き,アボカド,生ハム,オリーブオイル,
452,7,1,キムチクリームうどん,うどん,キムチ,生クリーム,豚肉
453,1,0,じゃがいものチーズ焼き,じゃがいも,チーズ,ベーコン,
454,2,1,手羽先と卵の甘辛煮,手羽先,ゆで卵,生姜,
455,3,1,ホタテのフライ,ホタテ,パン粉,卵,小麦粉
456,4,1,いくら丼,いくら,ごはん,のり,大葉
457,5,0,もずくスープ,もずく,卵,鶏ガラスープ,
458,6,0,長芋とオクラのネバネバサラダ,長芋,オクラ,めかぶ,ポン酢
459,7,1,ボンゴレロッソ,パスタ,あさり,にんにく,トマト缶
460,1,1,鶏肉とナスの甘酢あんかけ,鶏肉,なす,ピーマン,酢
461,2,0,白滝のたらこ炒め,しらたき,たらこ,バター,大葉
462,3,0,紅しょうがの天ぷら,紅しょうが,天ぷら粉,青のり,
463,4,1,豚キムチ丼,豚肉,キムチ,ごはん,温泉卵
464,5,1,アンコウのどぶ汁,あんこう,あん肝,白菜,味噌
465,6,0,水菜とじゃこのサラダ,水菜,ちりめんじゃこ,大根,ポン酢
466,7,1,ラグーソースのパスタ,パスタ,ひき肉,セロリ,赤ワイン
467,1,0,厚揚げの豚バラ巻き,厚揚げ,豚バラ肉,醤油,みりん
468,2,1,豚肉とごぼうのしぐれ煮,豚肉,ごぼう,生姜,
469,3,1,アナゴの天ぷら,アナゴ,天ぷら粉,塩,
470,4,1,月見とろろそば,そば,山芋,卵黄,のり
471,5,0,ヴィシソワーズ,じゃがいも,長ネギ,牛乳,ブイヨン
472,6,0,大根とホタテのサラダ,大根,ホタテ缶,マヨネーズ,かいわれ大根
473,7,1,和風きのこパスタ,パスタ,きのこ,ベーコン,醤油
474,1,1,麻婆なす,なす,豚ひき肉,長ネギ,豆板醤
475,2,0,ひじきと大豆の煮物,ひじき,大豆,人参,こんにゃく
476,3,0,餅の磯辺揚げ,餅,のり,醤油,
477,4,1,豚バラチャーハン,ごはん,豚バラ肉,卵,ネギ
478,5,1,鶏塩鍋,鶏肉,つくね,白菜,きのこ
479,6,0,春菊とリンゴのサラダ,春菊,りんご,くるみ,ドレッシング
480,7,1,豆乳カルボナーラ,パスタ,豆乳,ベーコン,卵
481,1,0,ズッキーニと豚肉の炒め物,ズッキーニ,豚肉,にんにく,
482,2,1,豚肉と白菜のうま煮,豚肉,白菜,しいたけ,人参
483,3,1,ラム肉の竜田揚げ,ラム肉,片栗粉,醤油,
484,4,1,鮭といくらの親子丼,鮭,いくら,ごはん,大葉
485,5,0,あおさ汁,あおさ,豆腐,だし汁,
486,6,0,かぶと生ハムのマリネ,かぶ,生ハム,オリーブオイル,レモン汁
487,7,1,ゴルゴンゾーラパスタ,パスタ,ゴルゴンゾーラ,生クリーム,くるみ
488,1,1,牛肉の黒胡椒炒め,牛肉,玉ねぎ,ピーマン,黒胡椒
489,2,0,小松菜と厚揚げの煮浸し,小松菜,厚揚げ,だし汁,
490,3,0,はんぺんのチーズはさみ揚げ,はんぺん,チーズ,パン粉,
491,4,1,鶏肉のガパオ炒め,鶏ひき肉,バジル,パプリカ,ナンプラー
492,5,1,うどんすき,うどん,鶏肉,えび,白菜
493,6,0,セロリとリンゴのサラダ,セロリ,りんご,マヨネーズ,レーズン
494,7,1,トマトクリームパスタ,パスタ,えび,きのこ,トマトクリームソース
495,1,0,ニラともやしの卵とじ,ニラ,もやし,卵,豚肉
496,2,1,鶏肉の治部煮,鶏肉,麩,しいたけ,わさび
497,3,1,イカゲソの唐揚げ,イカゲソ,片栗粉,生姜,
498,4,1,豚の角煮チャーハン,豚の角煮,ごはん,卵,ネギ
499,5,0,牛肉の吸い物,牛肉,豆腐,三つ葉,
500,6,0,春キャベツのコールスロー,キャベツ,コーン,ハム,マヨネーズ
501,7,1,明太バターうどん,うどん,明太子,バター,刻みのり
502,1,1,豚肉の生姜味噌焼き,豚ロース肉,味噌,生姜,みりん
503,2,1,鮭のアラ汁,鮭のあら,大根,人参,味噌
504,3,0,長芋の唐揚げ,長芋,片栗粉,青のり,
505,4,1,海鮮丼,まぐろ,サーモン,イカ,ごはん
506,5,1,豚しゃぶ鍋,豚肉,白菜,豆腐,ポン酢
507,6,0,アボカドと豆腐のサラダ,アボカド,豆腐,トマト,和風ドレッシング
508,7,1,たらこクリームパスタ,パスタ,たらこ,生クリーム,きのこ
509,1,0,鶏むね肉のピカタ,鶏むね肉,卵,粉チーズ,パセリ
510,2,1,マグロのあら煮,マグロのあら,ごぼう,生姜,
511,3,1,エリンギの肉巻きフライ,エリンギ,豚バラ肉,パン粉,
512,4,1,親子カレー丼,鶏肉,玉ねぎ,ごはん,カレールー
513,5,0,沢煮椀,豚肉,大根,人参,ごぼう
514,6,0,タコとセロリのマリネ,タコ,セロリ,パプリカ,オリーブオイル
515,7,1,ボンゴレロッソうどん,うどん,あさり,トマト缶,にんにく
516,1,1,牛すじとこんにゃくの甘辛炒め,牛すじ,こんにゃく,生姜,
517,2,0,ワカサギの南蛮漬け,ワカサギ,玉ねぎ,人参,
518,3,0,アボカドのフリッター,アボカド,天ぷら粉,塩,
519,4,1,三色そぼろ丼,鶏そぼろ,炒り卵,さやいんげん,ごはん
520,5,1,カニすき,カニ,白菜,豆腐,春菊
521,6,0,たたききゅうりの中華風,きゅうり,にんにく,ごま油,豆板醤
522,7,1,冷やし担々麺,中華麺,豚ひき肉,きゅうり,ラー油
523,1,0,豚肉とピーマンの塩炒め,豚肉,ピーマン,塩,こしょう
524,2,1,イカ大根,イカ,大根,だし汁,
525,3,1,鶏の天ぷら,鶏むね肉,天ぷら粉,大葉,
526,4,1,豚バラレタスチャーハン,ごはん,豚バラ肉,レタス,卵
527,5,0,かぼちゃのポタージュ,かぼちゃ,玉ねぎ,牛乳,
528,6,0,大根とツナのマヨサラダ,大根,ツナ缶,マヨネーズ,かいわれ大根
529,7,1,ペスカトーレうどん,うどん,えび,あさり,トマトソース
530,1,1,鶏肉のオイスター炒め,鶏肉,ピーマン,きのこ,オイスターソース
531,2,0,さんまの蒲焼き,さんま,醤油,みりん,山椒
532,3,0,ごぼうチップス,ごぼう,片栗粉,塩,
533,4,1,ねぎとろ丼,まぐろのたたき,ごはん,長ネギ,のり
534,5,1,ぶりしゃぶ,ぶり,白菜,長ネギ,ポン酢
535,6,0,ほうれん草とベーコンのソテー,ほうれん草,ベーコン,バター,
536,7,1,ウニのクリームパスタ,パスタ,うに,生クリーム,
537,1,0,豚平焼き,豚バラ肉,卵,キャベツ,ソース
538,2,1,穴子の煮付け,アナゴ,ごぼう,だし汁,
539,3,1,カニクリーム春巻き,カニ缶,春巻きの皮,ホワイトソース,
540,4,1,台湾風混ぜごはん,ごはん,豚ひき肉,ニラ,卵黄
541,5,0,きのこのポタージュ,きのこ,玉ねぎ,じゃがいも,牛乳
542,6,0,きのことエビのアヒージョ,きのこ,えび,にんにく,オリーブオイル
543,7,1,冷やしカレーうどん,うどん,豚肉,玉ねぎ,カレールー
544,1,1,豚肉とキムチのチーズ炒め,豚肉,キムチ,チーズ,
545,2,0,しらすとキャベツの煮浸し,しらす,キャベツ,だし汁,
546,3,0,れんこんチップス,れんこん,片栗粉,塩,
547,4,1,鶏肉のガリバタ醤油丼,鶏もも肉,ごはん,にんにく,バター
548,5,1,豆乳キムチ鍋,豆乳,キムチ,豚肉,豆腐
549,6,0,トマトとアボカドのサラダ,トマト,アボカド,玉ねぎ,レモン汁
550,7,1,カルボナーラうどん,うどん,卵,ベーコン,粉チーズ
551,1,0,砂肝とネギの塩炒め,砂肝,長ネギ,ごま油,
552,2,1,サワラの西京焼き,サワラ,西京味噌,みりん,
553,3,1,鶏手羽の唐揚げ,手羽先,片栗粉,醤油,
554,4,1,中華丼,豚肉,えび,白菜,ごはん
555,5,0,ほうれん草と卵のスープ,ほうれん草,卵,鶏ガラスープ,
556,6,0,きゅうりとクラゲの酢の物,きゅうり,クラゲ,酢,
557,7,1,ミートソースうどん,うどん,ひき肉,玉ねぎ,トマトソース
558,1,1,牛肉のサイコロステーキ,牛肉,じゃがいも,にんにく,
559,2,0,明石焼き,卵,タコ,だし汁,
560,3,0,チーズいももち,じゃがいも,チーズ,片栗粉,
561,4,1,マーボーラーメン,中華麺,豆腐,豚ひき肉,豆板醤
562,5,1,カレー鍋,豚肉,キャベツ,じゃがいも,カレールー
563,6,0,生ハムとアボカドのユッケ,生ハム,アボカド,卵黄,ごま油
564,7,1,ジャージャーうどん,うどん,豚ひき肉,きゅうり,甜麺醤
565,1,0,鶏レバーの甘辛煮,鶏レバー,生姜,醤油,みりん
566,2,1,海鮮八宝菜,えび,イカ,白菜,うずらの卵
567,3,1,豆腐の揚げだし,豆腐,片栗粉,大根おろし,
568,4,1,豚角煮丼,豚の角煮,ごはん,煮卵,からし
569,5,0,トマトと卵のスープ,トマト,卵,鶏ガラスープ,
570,6,0,なすとピーマンの揚げ浸し,なす,ピーマン,だし汁,
571,7,1,醤油ラーメン,中華麺,チャーシュー,メンマ,ネギ
572,1,1,豚肉とキャベツの味噌炒め,豚肉,キャベツ,ピーマン,味噌
573,2,0,タコときゅうりのキムチ和え,タコ,きゅうり,キムチ,
574,3,0,餅とチーズの春巻き,餅,チーズ,春巻きの皮,
575,4,1,鶏肉のトマトクリームドリア,ごはん,鶏肉,玉ねぎ,トマトクリームソース
576,5,1,鶏白湯鍋,鶏肉,つくね,白菜,豆腐
577,6,0,切り干し大根の中華風和え物,切り干し大根,きゅうり,ハム,ごま油
578,7,1,たらこバターうどん,うどん,たらこ,バター,刻みのり
579,1,0,じゃがいもとベーコンのチーズ炒め,じゃがいも,ベーコン,チーズ,
580,2,1,鮭の塩焼き,鮭,大根おろし,レモン,
581,3,1,豚ヒレカツ,豚ヒレ肉,パン粉,卵,小麦粉
582,4,1,鶏とキノコのクリームリゾット,米,鶏肉,きのこ,生クリーム
583,5,0,春雨とわかめのスープ,春雨,わかめ,卵,
584,6,0,ごぼうサラダ,ごぼう,人参,マヨネーズ,ごま
585,7,1,台湾ラーメン（名古屋）,中華麺,豚ひき肉,ニラ,もやし
586,1,1,牛肉とごぼうの柳川風,牛肉,ごぼう,卵,だし汁
587,2,0,カツオのたたき,カツオ,玉ねぎ,にんにく,ポン酢
588,3,0,エビとアボカドの春巻き,えび,アボカド,春巻きの皮,
589,4,1,豚丼（帯広風）,豚ロース肉,ごはん,甘辛いタレ,
590,5,1,しゃぶしゃぶ,豚肉,牛肉,白菜,ポン酢
591,6,0,かぼちゃとクリームチーズのサラダ,かぼちゃ,クリームチーズ,ナッツ,
592,7,1,味噌カレー牛乳ラーメン,中華麺,牛乳,カレー粉,味噌
593,1,0,鶏肉と長芋の照り焼き,鶏もも肉,長芋,醤油,みりん
594,2,1,ぶり照り焼き,ぶり,醤油,みりん,酒
595,3,1,チキンナゲット（豆腐）,鶏ひき肉,豆腐,片栗粉,
596,4,1,あんかけチャーハン,ごはん,卵,えび,あん
597,5,0,豚バラと大根のスープ,豚バラ肉,大根,生姜,
598,6,0,オクラと長芋の梅和え,オクラ,長芋,梅干し,かつお節
599,7,1,海鮮塩焼きそば,中華麺,えび,イカ,キャベツ
600,1,1,豚肉のアスパラ巻き,豚ロース肉,アスパラガス,醤油,みりん
601,2,1,ラフテー,豚バラブロック,泡盛,黒糖,
602,3,0,里芋の唐揚げ,里芋,片栗粉,青のり,
603,4,1,ガパオうどん,うどん,鶏ひき肉,パプリカ,バジル
604,5,1,酸辣湯,豆腐,豚肉,たけのこ,卵
605,6,0,ささみときゅうりの中華和え,鶏ささみ,きゅうり,ごま油,
606,7,1,渡り蟹のトマトクリームパスタ,パスタ,渡り蟹,トマトクリームソース,
607,1,0,焼きピーマンのおかか和え,ピーマン,かつお節,醤油,
608,2,0,なすとひき肉の味噌煮,なす,豚ひき肉,味噌,
609,3,1,サーモンカツ,鮭,パン粉,タルタルソース,
610,4,1,ユッケ丼,マグロ,卵黄,ごはん,コチュジャン
611,5,0,じゃがいものポタージュ,じゃがいも,玉ねぎ,牛乳,コンソメ
612,6,0,白菜とリンゴのサラダ,白菜,りんご,ツナ缶,マヨネーズ
613,7,1,つけナポリタン,パスタ,ソーセージ,玉ねぎ,トマトスープ
614,1,1,豚肉と卵の炒め物,豚肉,卵,きくらげ,
615,2,1,牛バラ大根,牛バラ肉,大根,こんにゃく,
616,3,0,ちくわの明太マヨフライ,ちくわ,明太子,マヨネーズ,パン粉
617,4,1,ソース焼きそば,中華麺,豚肉,キャベツ,ソース
618,5,1,坦々鍋,豚ひき肉,豆腐,チンゲン菜,練りごま
619,6,0,ささみとアボカドのわさびマヨ和え,鶏ささみ,アボカド,わさび,マヨネーズ
620,7,1,汁なしうどん,うどん,卵黄,ネギ,天かす
621,1,0,こんにゃくのピリ辛炒め,こんにゃく,唐辛子,ごま油,
622,2,1,鶏肉と里芋の煮っころがし,鶏肉,里芋,人参,
623,3,1,タラのムニエル,タラ,小麦粉,バター,レモン
624,4,1,豚キムチうどん,うどん,豚肉,キムチ,ニラ
625,5,0,えのきと豆腐のスープ,えのき,豆腐,鶏ガラスープ,
626,6,0,無限キャベツ,キャベツ,ツナ缶,ごま油,鶏ガラスープの素
627,7,1,明太釜玉チーズうどん,うどん,明太子,卵,チーズ
628,1,1,鶏肉のネギ塩だれ,鶏もも肉,長ネギ,ごま油,レモン汁
629,2,0,ふきと油揚げの煮物,ふき,油揚げ,だし汁,
630,3,0,れんこんのはさみ焼き,れんこん,鶏ひき肉,片栗粉,
631,4,1,鶏そぼろあんかけうどん,うどん,鶏そぼろ,きのこ,あん
632,5,1,白湯ラーメン,中華麺,鶏肉,キクラゲ,ネギ
633,6,0,大豆とひじきのサラダ,大豆,ひじき,コーン,和風ドレッシング
634,7,1,和風ペペロンチーノ,パスタ,にんにく,唐辛子,ベーコン
635,1,0,厚揚げのネギまみれ,厚揚げ,長ネギ,ポン酢,ごま油
636,2,1,豚肉と冬瓜の煮物,豚肉,冬瓜,生姜,
637,3,1,イワシの梅しそフライ,イワシ,梅干し,大葉,パン粉
638,4,1,鮭チャーハン,ごはん,鮭,卵,レタス
639,5,0,かぶとベーコンのミルクスープ,かぶ,ベーコン,牛乳,コンソメ
640,6,0,ささみとブロッコリーのデリ風サラダ,鶏ささみ,ブロッコリー,卵,マヨネーズ
641,7,1,トマトラーメン,中華麺,トマト,鶏肉,チーズ
642,1,1,豚のしょうが焼き,豚バラ肉,玉ねぎ,生姜,
643,2,0,なめこと大根おろしの和え物,なめこ,大根おろし,ポン酢,
644,3,0,はんぺんのバター焼き,はんぺん,バター,醤油,
645,4,1,カオマンガイ,鶏もも肉,ごはん,きゅうり,タレ
646,5,1,鶏塩うどん,うどん,鶏肉,長ネギ,柚子胡椒
647,6,0,セロリのきんぴら,セロリ,人参,唐辛子,
648,7,1,たらこ醤油バターパスタ,パスタ,たらこ,バター,醤油
649,1,0,ピーマンの塩昆布和え,ピーマン,塩昆布,ごま油,
650,2,1,豚バラとキャベツのうま煮,豚バラ肉,キャベツ,しめじ,
651,3,1,エビのフリッターマヨソース,えび,天ぷら粉,マヨネーズ,
652,4,1,カルビ丼,牛カルビ,ごはん,玉ねぎ,
653,5,0,長ネギとわかめのスープ,長ネギ,わかめ,ごま油,
654,6,0,切り干し大根とツナのサラダ,切り干し大根,ツナ缶,マヨネーズ,
655,7,1,きのこのクリームうどん,うどん,きのこ,ベーコン,生クリーム
656,1,1,鶏肉の甘辛ステーキ,鶏もも肉,醤油,みりん,にんにく
657,2,0,イカとわけぎのぬた,イカ,わけぎ,酢味噌,
658,3,0,豆腐ドーナツ,豆腐,ホットケーキミックス,砂糖,
659,4,1,豚キムチチャーハン（温玉のせ）,ごはん,豚キムチ,卵,温泉卵
660,5,1,トマトすき焼き,牛肉,トマト,玉ねぎ,割り下
661,6,0,かぼちゃのそぼろあんかけ,かぼちゃ,鶏ひき肉,だし汁,
662,7,1,和風ボロネーゼうどん,うどん,ひき肉,玉ねぎ,味噌
663,1,0,手羽元とゆで卵のさっぱり煮,手羽元,ゆで卵,酢,醤油
664,2,1,鯛のあら汁,鯛のあら,大根,人参,味噌
665,3,1,鶏むね肉のチーズピカタ,鶏むね肉,卵,粉チーズ,
666,4,1,ステーキ丼,牛肉,ごはん,玉ねぎ,ステーキソース
667,5,0,もずくとオクラのスープ,もずく,オクラ,鶏ガラスープ,
668,6,0,りんごとさつまいものレモン煮,りんご,さつまいも,レモン,砂糖
669,7,1,しらすとキャベツのペペロンチーノ,パスタ,しらす,キャベツ,にんにく
670,1,1,豚肉の味噌マヨ炒め,豚肉,玉ねぎ,味噌,マヨネーズ
671,2,0,まぐろの漬け,マグロ,醤油,みりん,酒
672,3,0,さつまいもスティック,さつまいも,バター,砂糖,
673,4,1,牛とじ丼,牛肉,卵,玉ねぎ,ごはん
674,5,1,鶏だんご鍋,鶏ひき肉,白菜,長ネギ,きのこ
675,6,0,たたききゅうりの塩昆布和え,きゅうり,塩昆布,ごま油,
676,7,1,キーマカレーうどん,うどん,ひき肉,玉ねぎ,カレー粉
677,1,0,豚バラとナスの味噌炒め,豚バラ肉,なす,ピーマン,味噌
678,2,1,アジのたたき,アジ,長ネギ,生姜,味噌
679,3,1,エビのチリソース炒め,えび,長ネギ,生姜,ケチャップ
680,4,1,親子うどん,うどん,鶏肉,卵,玉ねぎ
681,5,0,大根と鶏肉のスープ,大根,鶏肉,生姜,
682,6,0,キャベツと塩昆布の浅漬け,キャベツ,塩昆布,生姜,
683,7,1,アラビアータうどん,うどん,トマト缶,にんにく,唐辛子
684,1,1,牛肉のしぐれ煮丼,牛肉のしぐれ煮,ごはん,卵黄,
685,2,0,ホタテのカルパッチョ,ホタテ,ベビーリーフ,オリーブオイル,
686,3,0,豆腐のふわふわ揚げ,豆腐,片栗粉,桜えび,
687,4,1,キムチチーズリゾット,ごはん,キムチ,チーズ,牛乳
688,5,1,豚肉とキムチのチゲスープ,豚肉,キムチ,豆腐,
689,6,0,アボカドとトマトの塩昆布和え,アボカド,トマト,塩昆布,ごま油
690,7,1,明太クリームチーズうどん,うどん,明太子,クリームチーズ,
691,1,0,鶏肉の南蛮漬け,鶏むね肉,玉ねぎ,人参,酢
692,2,1,ブリの塩焼き,ぶり,塩,大根おろし,
693,3,1,チーズと大葉の肉巻きカツ,豚ロース肉,チーズ,大葉,パン粉
694,4,1,豚バラともやしのあんかけ丼,豚バラ肉,もやし,ごはん,あん
695,5,0,あさりと春キャベツのスープ,あさり,キャベツ,コンソメ,
696,6,0,きのこのマリネ,きのこ,玉ねぎ,パプリカ,酢
697,7,1,ボロネーゼパスタ,パスタ,ひき肉,玉ねぎ,赤ワイン
698,1,1,タンドリーチキン（フライパン）,鶏もも肉,ヨーグルト,カレー粉,
699,2,0,サーモンのポキ,サーモン,アボカド,玉ねぎ,醤油
700,3,0,じゃがいものガレット,じゃがいも,チーズ,ベーコン,
701,4,1,鶏肉とカシューナッツのチャーハン,ごはん,鶏肉,カシューナッツ,卵
702,5,1,トマトと卵の酸辣湯,トマト,卵,豆腐,酢
703,6,0,きのことベーコンのキッシュ,きのこ,ベーコン,卵,生クリーム
704,7,1,冷製トマトパスタ,パスタ,トマト,ツナ,大葉
705,1,0,豚肉の梅しそチーズ巻き,豚肉,梅干し,大葉,チーズ
706,2,1,イカのバター醤油炒め,イカ,バター,醤油,アスパラガス
707,3,1,エビクリームコロッケ,えび,牛乳,玉ねぎ,パン粉
708,4,1,麻婆豆腐ラーメン,中華麺,豆腐,ひき肉,豆板醤
709,5,0,かきたま春雨スープ,卵,春雨,鶏ガラスープ,
710,6,0,大根と豚バラの重ね煮,大根,豚バラ肉,ポン酢,
711,7,1,鮭とほうれん草のクリームパスタ,パスタ,鮭,ほうれん草,生クリーム
712,1,1,鶏肉のオレンジ煮,鶏もも肉,オレンジジュース,醤油,
713,2,0,タコとじゃがいものアヒージョ,タコ,じゃがいも,にんにく,
714,3,0,長いものふわふわ焼き,長芋,卵,小麦粉,
715,4,1,豚キムチ焼きうどん,うどん,豚肉,キムチ,
716,5,1,坦々豆乳鍋,豆乳,豚ひき肉,チンゲン菜,ラー油
717,6,0,セロリとイカのマリネ,セロリ,イカ,玉ねぎ,
718,7,1,和風ツナマヨパスタ,パスタ,ツナ缶,マヨネーズ,醤油
719,1,0,焼きパプリカのマリネ,パプリカ,玉ねぎ,酢,オリーブオイル
720,2,1,ホッケの開き,ホッケ,大根おろし,醤油,
721,3,1,鶏むね肉のクリスピーフライ,鶏むね肉,コーンフレーク,卵,
722,4,1,鶏肉と卵のチリソース丼,鶏肉,卵,ごはん,スイートチリソース
723,5,0,冬瓜とエビのあんかけスープ,冬瓜,えび,だし汁,
724,6,0,ブロッコリーのアーリオオーリオ,ブロッコリー,にんにく,唐辛子,
725,7,1,梅しそパスタ,パスタ,梅干し,大葉,ツナ缶
726,1,1,豚肉とゴーヤの卵炒め,豚肉,ゴーヤ,卵,
727,2,0,カツオの角煮,カツオ,生姜,醤油,みりん
728,3,0,おからのナゲット,おから,鶏ひき肉,玉ねぎ,
729,4,1,チーズリゾット,米,チーズ,玉ねぎ,ブイヨン
730,5,1,牛すき鍋うどん,うどん,牛肉,白菜,割り下
731,6,0,ツナとひじきの炊き込みご飯の素,ツナ缶,ひじき,人参,醤油
732,7,1,きのこの和風ペペロンチーノうどん,うどん,きのこ,にんにく,醤油
733,1,0,豚肉と大葉のぐるぐる焼き,豚バラ肉,大葉,ポン酢,
734,2,1,マグロのレアカツ,マグロ,パン粉,卵,
735,3,1,エビカツバーガー,えび,パン粉,バンズ,
736,4,1,豚バラ大根丼,豚バラ肉,大根,ごはん,
737,5,0,鶏肉と春雨のスープ,鶏肉,春雨,きのこ,
738,6,0,もやしとニラのナムル,もやし,ニラ,ごま油,
739,7,1,カルボナーラリゾット,米,卵,ベーコン,粉チーズ
740,1,1,鶏肉の塩麹焼き,鶏もも肉,塩麹,長ネギ,
741,2,0,タコとわかめの酢の物,タコ,わかめ,きゅうり,
742,3,0,里芋のコロッケ,里芋,ひき肉,玉ねぎ,
743,4,1,豚の蒲焼き丼,豚バラ肉,ごはん,山椒,
744,5,1,鶏肉のフォー（汁あり）,フォー,鶏肉,もやし,
745,6,0,無限なす,なす,ツナ缶,ごま油,
746,7,1,明太チーズもんじゃ,小麦粉,明太子,チーズ,キャベツ
747,1,0,ピーマンのじゃこ炒め,ピーマン,ちりめんじゃこ,ごま油,
748,2,1,サワラの塩麹焼き,サワラ,塩麹,大葉,
749,3,1,鶏肉のコーンフレーク揚げ,鶏むね肉,コーンフレーク,マヨネーズ,
750,4,1,ビビンバ丼,牛肉,もやし,ほうれん草,ごはん
751,5,0,白菜と豚バラのミルクスープ,白菜,豚バラ肉,牛乳,
752,6,0,なすとミョウガの和え物,なす,みょうが,ポン酢,
753,7,1,しらすのペペロンチーノ,パスタ,しらす,にんにく,唐辛子
754,1,1,豚肉のガーリックバター醤油炒め,豚肉,にんにく,バター,醤油
755,2,0,ホタテとアスパラのバター炒め,ホタテ,アスパラガス,バター,
756,3,0,豆腐の磯辺揚げ,豆腐,片栗粉,青のり,
757,4,1,魯肉飯（ルーローハン）,豚バラブロック,ごはん,八角,
758,5,1,カレー南蛮そば,そば,豚肉,長ネギ,カレー粉
759,6,0,キャベツのアンチョビ炒め,キャベツ,アンチョビ,にんにく,
760,7,1,ジェノベーゼリゾット,米,バジル,松の実,
761,1,0,鶏皮のカリカリ焼き,鶏皮,塩,こしょう,
762,2,1,アジの開き,アジ,大根おろし,醤油,
763,3,1,イカのフリッター,イカ,天ぷら粉,卵白,
764,4,1,鶏肉の照り焼き丼,鶏もも肉,ごはん,のり,マヨネーズ
765,5,0,卵とトマトのふんわりスープ,卵,トマト,鶏ガラスープ,
766,6,0,春菊と柿の白和え,春菊,柿,豆腐,
767,7,1,明太もちチーズもんじゃ,小麦粉,明太子,餅,チーズ
768,1,1,牛すじの塩煮込み,牛すじ,大根,こんにゃく,塩
769,2,0,サーモンとアボカドのユッケ,サーモン,アボカド,卵黄,
770,3,0,かぼちゃのコロッケ,かぼちゃ,ひき肉,玉ねぎ,
771,4,1,親子丼（塩味）,鶏肉,卵,三つ葉,ごはん
772,5,1,醤油バターラーメン,中華麺,バター,コーン,チャーシュー
773,6,0,きゅうりとツナの中華風サラダ,きゅうり,ツナ缶,春雨,
774,7,1,ボンゴレビアンコ（スープパスタ）,パスタ,あさり,にんにく,
775,1,0,手羽元のさっぱり煮,手羽元,ゆで卵,酢,
776,2,1,海鮮ユッケ丼,マグロ,サーモン,イカ,ごはん
777,3,1,エビのすり身揚げ,えび,はんぺん,片栗粉,
778,4,1,キムチチャーハン（チーズのせ）,ごはん,キムチ,豚肉,チーズ
779,5,0,豆腐とひき肉のあんかけスープ,豆腐,鶏ひき肉,きのこ,
780,6,0,白菜と豚バラのうま煮,白菜,豚バラ肉,だし汁,
781,7,1,たらこクリームうどん,うどん,たらこ,生クリーム,
782,1,1,鶏肉とブロッコリーの塩炒め,鶏肉,ブロッコリー,にんにく,
783,2,0,しらすと大葉の和え物,しらす,大葉,ごま油,
784,3,0,餅の明太チーズ焼き,餅,明太子,チーズ,
785,4,1,マーボー春雨丼,豚ひき肉,春雨,ごはん,
786,5,1,豚バラともやしの味噌ラーメン,中華麺,豚バラ肉,もやし,味噌
787,6,0,トマトと豆腐のカプレーゼ風,トマト,豆腐,バジル,
788,7,1,納豆パスタ,パスタ,納豆,卵黄,ネギ
789,1,0,なすとひき肉の挟み焼き,なす,豚ひき肉,生姜,
790,2,1,カニ玉丼,カニカマ,卵,ごはん,甘酢あん
791,3,1,チーズインメンチカツ,合いびき肉,チーズ,玉ねぎ,
792,4,1,鶏肉のスイートチリマヨ丼,鶏もも肉,ごはん,スイートチリソース,マヨネーズ
793,5,0,ワカメと豆腐のすまし汁,わかめ,豆腐,だし汁,
794,6,0,無限ピーマン（塩昆布）,ピーマン,ツナ缶,塩昆布,
795,7,1,カルボナーラつけ麺,中華麺,卵,ベーコン,
796,1,1,豚肉のカレー炒め,豚肉,玉ねぎ,ピーマン,カレー粉
797,2,0,鯛のカルパッチョ,鯛,ベビーリーフ,オリーブオイル,
798,3,0,豆腐ドーナツ（きなこ）,豆腐,ホットケーキミックス,きなこ,
799,4,1,豚汁ラーメン,中華麺,豚肉,大根,人参
800,5,1,海鮮トマト鍋,えび,イカ,あさり,トマト缶
801,6,0,鶏むね肉の棒棒鶏風,鶏むね肉,きゅうり,ごまダレ,
802,7,1,明太釜玉バターうどん,うどん,明太子,卵,バター
803,1,0,ささみのピカタ,鶏ささみ,卵,粉チーズ,
804,2,1,金目鯛のしゃぶしゃぶ,金目鯛,白菜,豆腐,
805,3,1,エビのパン粉焼き,えび,パン粉,にんにく,パセリ
806,4,1,鶏肉とごぼうの炊き込みご飯,米,鶏肉,ごぼう,人参
807,5,0,春雨とカニカマのスープ,春雨,カニカマ,卵,
808,6,0,たたききゅうりとザーサイの和え物,きゅうり,ザーサイ,ごま油,
809,7,1,ペスカトーレリゾット,米,えび,あさり,トマトソース
810,1,1,牛肉のチャプチェ,牛肉,春雨,パプリカ,ニラ
811,2,0,イカと里芋の煮っころがし,イカ,里芋,醤油,
812,3,0,ごぼうの肉巻き,ごぼう,豚バラ肉,醤油,みりん
813,4,1,麻婆うどん,うどん,豆腐,豚ひき肉,
814,5,1,鶏肉と白菜のクリーム煮,鶏肉,白菜,きのこ,牛乳
815,6,0,オクラの胡麻和え,オクラ,ごま,醤油,
816,7,1,トマトとツナの冷製パスタ,パスタ,トマト,ツナ缶,大葉
817,1,0,豚肉のしそチーズ巻きカツ,豚ロース肉,大葉,チーズ,パン粉
818,2,1,サワラの竜田揚げ,サワラ,片栗粉,醤油,
819,3,1,ハッシュドビーフ,牛肉,玉ねぎ,マッシュルーム,
820,4,1,豚バラキムチ丼,豚バラ肉,キムチ,ごはん,温泉卵
821,5,0,鶏肉と大根の塩スープ,鶏肉,大根,生姜,
822,6,0,アボカドとクリームチーズの和え物,アボカド,クリームチーズ,醤油,
823,7,1,たらこカルボナーラ,パスタ,たらこ,卵,ベーコン
824,1,1,鶏肉のBBQソース炒め,鶏肉,玉ねぎ,BBQソース,
825,2,0,めかぶと長芋の和え物,めかぶ,長芋,ポン酢,
826,3,0,さつまいものレモン煮,さつまいも,レモン,砂糖,
827,4,1,鶏そぼろと卵の二色丼,鶏そぼろ,卵,ごはん,
828,5,1,塩ラーメン,中華麺,チャーシュー,メンマ,ネギ
829,6,0,大根とカニカマのサラダ,大根,カニカマ,マヨネーズ,
830,7,1,ボロネーゼうどん,うどん,ひき肉,玉ねぎ,トマトソース
831,1,0,手羽先の塩焼き,手羽先,塩,こしょう,
832,2,1,タラのホイル焼き,タラ,きのこ,玉ねぎ,バター
833,3,1,鶏肉の磯辺揚げ,鶏むね肉,青のり,天ぷら粉,
834,4,1,豚肉とナスのあんかけ丼,豚肉,なす,ごはん,
835,5,0,あさりとトマトのスープ,あさり,トマト,にんにく,
836,6,0,ほうれん草と卵のソテー,ほうれん草,卵,ベーコン,
837,7,1,和風カルボナーラ,パスタ,卵,ベーコン,だし汁
838,1,1,牛肉とブロッコリーのオイスター炒め,牛肉,ブロッコリー,オイスターソース,
839,2,0,アジの干物,アジ,大根おろし,,
840,3,0,ちくわのピカタ,ちくわ,卵,粉チーズ,
841,4,1,キムチ豚丼,豚肉,キムチ,ごはん,
842,5,1,味噌バターコーンラーメン,中華麺,味噌,バター,コーン
843,6,0,無限きのこ,きのこ,ツナ缶,ごま油,
844,7,1,明太子クリームリゾット,米,明太子,生クリーム,
845,1,0,鶏肉とパプリカの甘酢炒め,鶏肉,パプリカ,玉ねぎ,
846,2,1,さんまの塩焼き,さんま,大根おろし,すだち,
847,3,1,チーズインハンバーグ,合いびき肉,チーズ,玉ねぎ,
848,4,1,照り焼きチキンピザ,鶏肉,ピザ生地,チーズ,照り焼きソース
849,5,0,わかめと卵の中華スープ,わかめ,卵,鶏ガラスープ,
850,6,0,ごぼうと牛肉のしぐれ煮,ごぼう,牛肉,生姜,
851,7,1,ナポリタンうどん,うどん,ソーセージ,玉ねぎ,ケチャップ
852,1,1,豚のしょうが焼き（味噌味）,豚ロース肉,玉ねぎ,味噌,生姜
853,2,0,カニカマとキュウリの酢の物,カニカマ,きゅうり,酢,
854,3,0,山芋の磯辺焼き,山芋,のり,醤油,
855,4,1,鶏肉のケチャップライス,ごはん,鶏肉,玉ねぎ,ケチャップ
856,5,1,担々春雨スープ,春雨,豚ひき肉,チンゲン菜,
857,6,0,ほうれん草のナムル,ほうれん草,ごま油,にんにく,
858,7,1,ミートボールのトマト煮込みパスタ,パスタ,ひき肉,トマト缶,
859,1,0,きのこのガーリック炒め,きのこ,にんにく,パセリ,
860,2,1,鮭のバター醤油焼き,鮭,バター,醤油,きのこ
861,3,1,エビカツサンド,えび,パン粉,食パン,
862,4,1,牛すじカレー,牛すじ,じゃがいも,人参,カレールー
863,5,0,あさりのチャウダースープ,あさり,じゃがいも,牛乳,
864,6,0,ブロッコリーとツナのサラダ,ブロッコリー,ツナ缶,マヨネーズ,
865,7,1,アラビアータリゾット,米,トマト缶,にんにく,
866,1,1,鶏肉のマスタード焼き,鶏もも肉,粒マスタード,はちみつ,
867,2,0,イカと大根の煮物,イカ,大根,醤油,
868,3,0,豆腐ステーキのきのこソース,豆腐,きのこ,醤油,
869,4,1,豚バラとキャベツのあんかけ焼きそば,中華麺,豚バラ肉,キャベツ,
870,5,1,ポークビーンズ,豚肉,大豆,トマト缶,
871,6,0,トマトと卵の炒め物,トマト,卵,鶏ガラスープの素,
872,7,1,ジェノベーゼピザ,ピザ生地,バジルペースト,チーズ,
873,1,0,厚揚げの甘辛炒め,厚揚げ,醤油,みりん,
874,2,1,カツオの竜田揚げ,カツオ,片栗粉,生姜,
875,3,1,スコッチエッグ（うずら）,豚ひき肉,うずらの卵,パン粉,
876,4,1,豚キムチマヨ丼,豚肉,キムチ,マヨネーズ,ごはん
877,5,0,餃子スープ,餃子,鶏ガラスープ,わかめ,
878,6,0,アボカドのわさび醤油和え,アボカド,わさび,醤油,
879,7,1,クリームソースのニョッキ,じゃがいも,小麦粉,生クリーム,
880,1,1,豚肉のオイスターマヨ炒め,豚肉,ピーマン,オイスターソース,マヨネーズ
881,2,0,サーモンとクリームチーズの生春巻き,サーモン,クリームチーズ,ライスペーパー,
882,3,0,かぼちゃのそぼろ煮,かぼちゃ,鶏ひき肉,だし汁,
883,4,1,鶏肉のコチュジャン炒め丼,鶏肉,ごはん,コチュジャン,
884,5,1,豚肉と白菜のミルフィーユ鍋,豚バラ肉,白菜,だし汁,
885,6,0,ほうれん草とベーコンのキッシュ,ほうれん草,ベーコン,卵,
886,7,1,たらこクリームオムライス,ごはん,たらこ,卵,生クリーム
887,1,0,じゃがいもの明太チーズ焼き,じゃがいも,明太子,チーズ,
888,2,1,ハマグリのワイン蒸し,はまぐり,白ワイン,にんにく,
889,3,1,鶏肉の唐揚げ（塩味）,鶏もも肉,片栗粉,塩,
890,4,1,牛すじ丼,牛すじ,ごはん,こんにゃく,
891,5,0,春キャベツとベーコンのスープ,キャベツ,ベーコン,コンソメ,
892,6,0,なすと鶏肉のさっぱり和え,なす,鶏むね肉,ポン酢,
893,7,1,冷製ジェノベーゼパスタ,パスタ,バジルペースト,トマト,
894,1,1,牛肉の味噌漬け焼き,牛肉,味噌,みりん,
895,2,0,タコとブロッコリーのアヒージョ,タコ,ブロッコリー,にんにく,
896,3,0,アジのつみれ汁,アジ,味噌,長ネギ,
897,4,1,豚肉のガーリックチャーハン,ごはん,豚肉,にんにく,卵
898,5,1,鶏肉と野菜のポトフ,鶏肉,じゃがいも,人参,
899,6,0,無限もやし,もやし,ツナ缶,ごま油,
900,7,1,きのこの和風クリームパスタ,パスタ,きのこ,生クリーム,醤油
901,1,1,豚肉のトマトチーズ焼き,豚ロース肉,トマト,チーズ,
902,2,1,鮭のホイル焼き,鮭,きのこ,玉ねぎ,バター
903,3,0,ささみの大葉チーズ春巻き,鶏ささみ,大葉,チーズ,春巻きの皮
904,4,1,マーボー焼きそば,中華麺,豆腐,ひき肉,
905,5,0,オニオンスープ,玉ねぎ,コンソメ,チーズ,
906,6,0,きゅうりとささみの梅和え,きゅうり,鶏ささみ,梅干し,
907,7,1,ペペロンチーノチャーハン,ごはん,にんにく,唐辛子,ベーコン
908,1,0,鶏肉のピリ辛炒め,鶏肉,パプリカ,豆板醤,
909,2,1,マグロのステーキ,マグロ,にんにく,醤油,
910,3,1,蓮根とエビのはさみ揚げ,れんこん,えび,片栗粉,
911,4,1,鶏肉のクリームシチューライス,ごはん,鶏肉,じゃがいも,ホワイトソース
912,5,1,もつ煮込みうどん,うどん,豚もつ,大根,
913,6,0,大根と鶏肉のさっぱり煮,大根,鶏むね肉,酢,
914,7,1,ボンゴレうどん,うどん,あさり,にんにく,
915,1,1,牛肉のタリアータ,牛肉,ベビーリーフ,バルサミコ酢,
916,2,0,しらすの沖漬け風,しらす,醤油,みりん,
917,3,0,アボカドチーズの肉巻き,アボカド,チーズ,豚バラ肉,
918,4,1,豚の角煮ラーメン,中華麺,豚の角煮,煮卵,
919,5,0,鶏とカブのスープ煮,鶏肉,かぶ,コンソメ,
920,6,0,切り干し大根のペペロンチーノ風,切り干し大根,にんにく,唐辛子,
921,7,1,ナポリタンリゾット,米,ソーセージ,玉ねぎ,
922,1,0,豚バラと豆苗の炒め物,豚バラ肉,豆苗,卵,
923,2,1,アジのなめろう,アジ,味噌,長ネギ,生姜
924,3,1,エビのチリマヨソース,えび,マヨネーズ,スイートチリソース,
925,4,1,スタミナラーメン,中華麺,豚肉,ニラ,にんにく
926,5,1,トマトチーズリゾット,米,トマト,チーズ,
927,6,0,無限オクラ,オクラ,かつお節,ごま油,
928,7,1,ツナと大根おろしのパスタ,パスタ,ツナ缶,大根おろし,ポン酢
929,1,1,鶏肉の味噌マヨチーズ焼き,鶏もも肉,味噌,マヨネーズ,チーズ
930,2,0,サーモンとホタテのカルパッチョ,サーモン,ホタテ,オリーブオイル,
931,3,0,豆腐ハンバーグ,豆腐,鶏ひき肉,玉ねぎ,
932,4,1,豚バラと白菜のあんかけ丼,豚バラ肉,白菜,ごはん,
933,5,0,キャベツとベーコンのコンソメスープ,キャベツ,ベーコン,コンソメ,
934,6,0,きのこのアヒージョ,きのこ,にんにく,オリーブオイル,
935,7,1,明太クリームパスタ（豆乳）,パスタ,明太子,豆乳,
936,1,0,手羽元とじゃがいもの甘辛煮,手羽元,じゃがいも,醤油,
937,2,1,タラとあさりのアクアパッツァ,タラ,あさり,トマト,
938,3,1,チキンカツレツ,鶏むね肉,パン粉,トマトソース,
939,4,1,油淋鶏丼,鶏の唐揚げ,ごはん,ネギだれ,
940,5,1,坦々豆乳スープ,豆乳,豚ひき肉,ラー油,
941,6,0,なすと豚肉のさっぱりおろし和え,なす,豚肉,大根おろし,
942,7,1,ミートソースドリア,ごはん,ひき肉,ホワイトソース,
943,1,1,豚肉のBBQ炒め,豚ロース肉,玉ねぎ,ピーマン,BBQソース
944,2,0,マグロとアボカドのポキ,マグロ,アボカド,醤油,ごま油
945,3,0,長芋のふわとろ焼き,長芋,卵,だし汁,
946,4,1,チーズタッカルビ丼,鶏肉,チーズ,ごはん,コチュジャン
947,5,0,ミネラルたっぷりわかめスープ,わかめ,ごま,鶏ガラスープ,
948,6,0,セロリとりんごのヨーグルトサラダ,セロリ,りんご,ヨーグルト,
949,7,1,釜玉バターラーメン,中華麺,卵,バター,
950,1,0,鶏むね肉の塩レモン炒め,鶏むね肉,レモン,塩,
951,2,1,イワシの蒲焼き,イワシ,醤油,みりん,
952,3,1,エビとブロッコリーのフリッター,えび,ブロッコリー,天ぷら粉,
953,4,1,豚バラともやしの塩だれ丼,豚バラ肉,もやし,ごはん,塩だれ
954,5,1,鶏肉と豆腐のヘルシー鍋,鶏肉,豆腐,きのこ,
955,6,0,ほうれん草とコーンのバターソテー,ほうれん草,コーン,バター,
956,7,1,納豆キムチパスタ,パスタ,納豆,キムチ,
957,1,1,牛肉と玉ねぎの甘辛炒め,牛肉,玉ねぎ,醤油,砂糖
958,2,0,タコとアボカドのジェノベーゼ和え,タコ,アボカド,バジルペースト,
959,3,0,豆腐の肉巻き照り焼き,豆腐,豚バラ肉,醤油,
960,4,1,チャーシューエッグ丼,チャーシュー,卵,ごはん,
961,5,0,大根と油揚げの味噌汁,大根,油揚げ,味噌,
962,6,0,カニカマとアボカドのサラダ,カニカマ,アボカド,マヨネーズ,
963,7,1,塩昆布とツナのパスタ,パスタ,塩昆布,ツナ缶,
964,1,0,ズッキーニの肉詰め,ズッキーニ,鶏ひき肉,チーズ,
965,2,1,ブリの照り焼き,ぶり,醤油,みりん,
966,3,1,鶏肉のハニーマスタードチキン,鶏もも肉,はちみつ,マスタード,
967,4,1,親子リゾット,米,鶏肉,卵,
968,5,1,キムチ純豆腐（スンドゥブ）,豆腐,豚肉,キムチ,あさり
969,6,0,トマトのツナ和え,トマト,ツナ缶,玉ねぎ,
970,7,1,たらこバター釜玉うどん,うどん,たらこ,バター,卵
971,1,1,豚肉の味噌漬け焼き,豚ロース肉,味噌,みりん,
972,2,0,ホタテとエリンギのソテー,ホタテ,エリンギ,バター,
973,3,0,さつまいもの甘煮,さつまいも,砂糖,醤油,
974,4,1,鶏肉とブロッコリーのドリア,ごはん,鶏肉,ブロッコリー,
975,5,0,じゃがいもとベーコンのスープ,じゃがいも,ベーコン,コンソメ,
976,6,0,かぼちゃとナッツのサラダ,かぼちゃ,ナッツ,クリームチーズ,
977,7,1,ペペロンチーノうどん（和風）,うどん,にんにく,唐辛子,醤油
978,1,0,豚バラの塩麹焼き,豚バラ肉,塩麹,長ネギ,
979,2,1,アジの塩焼き,アジ,大根おろし,塩,
980,3,1,豆腐ハンバーグ（きのこあんかけ）,豆腐,ひき肉,きのこ,
981,4,1,牛すじ煮込み丼,牛すじ,ごはん,こんにゃく,
982,5,1,鶏肉のトマトスープ煮,鶏肉,トマト缶,玉ねぎ,
983,6,0,きのことほうれん草のバター醤油ソテー,きのこ,ほうれん草,バター,
984,7,1,冷やしトマトうどん,うどん,トマト,ツナ,大葉
985,1,1,鶏肉のガーリック醤油ステーキ,鶏もも肉,にんにく,醤油,
986,2,0,マグロのユッケ,マグロ,卵黄,コチュジャン,
987,3,0,なすのチーズ焼き,なす,チーズ,トマトソース,
988,4,1,豚バラキャベツの味噌ラーメン,中華麺,豚バラ肉,キャベツ,味噌
989,5,0,さつまいもとリンゴのポタージュ,さつまいも,りんご,牛乳,
990,6,0,春雨とツナの中華サラダ,春雨,ツナ缶,きゅうり,
991,7,1,カルボナーラ風リゾット,米,卵,ベーコン,
992,1,0,鶏肉ときのこのアヒージョ,鶏肉,きのこ,にんにく,
993,2,1,海鮮あんかけご飯,ごはん,えび,イカ,白菜
994,3,1,エビフライ（タルタルソース）,えび,パン粉,卵,
995,4,1,豚肉とニラのスタミナうどん,うどん,豚肉,ニラ,
996,5,1,牡蠣とほうれん草のグラタン,牡蠣,ほうれん草,ホワイトソース,
997,6,0,アボカドとエビのタルタルサラダ,アボカド,えび,卵,
998,7,1,明太チーズパスタ,パスタ,明太子,チーズ,
999,1,1,豚肉ともやしのオイスター炒め,豚肉,もやし,ピーマン,オイスターソース
1000,2,0,サーモンのマリネ,サーモン,玉ねぎ,パプリカ,
